"rating","avg_rental_rate"
"PG-13","3.0348430493273543"
"NC-17","2.9709523809523810"
"G","2.9006145251396648"
"PG","3.0518556701030928"
"R","2.9387179487179487"
