"country","customer_count","total_payment","spend_per_customer","avg_payment_per_rental"
"Taiwan","10","1155.10","115.5100000000000000","3.9831034482758621"
"Philippines","20","2219.70","110.9850000000000000","4.1881132075471698"
"Brazil","28","2919.19","104.2567857142857143","4.2866226138032305"
"United States","36","3685.31","102.3697222222222222","4.2408630609896433"
"Nigeria","13","1314.92","101.1476923076923077","4.2692207792207792"
